{
	"info": {
		"_postman_id": "cd3561c4-4c58-4010-8a30-4b6eb769011a",
		"name": "serverless_demo",
		"schema": "https://schema.getpostman.com/json/collection/v2.0.0/collection.json",
		"_exporter_id": "31811130"
	},
	"item": [
		{
			"name": "add users",
			"request": {
				"method": "POST",
				"header": [],
				"body": {
					"mode": "raw",
					"raw": "{\r\n    \"first_name\":\"sia\",\r\n    \"last_name\":\"pathan\",\r\n    \"about\":\"hello i am a developer\",\r\n    \"age\":25,\r\n    \"dob\":\"1999-02-02\"\r\n}",
					"options": {
						"raw": {
							"language": "json"
						}
					}
				},
				"url": "localhost:3000/users"
			},
			"response": []
		},
		{
			"name": "get users",
			"request": {
				"method": "GET",
				"header": [],
				"url": "localhost:3000/users"
			},
			"response": []
		},
		{
			"name": "get user by Id",
			"request": {
				"method": "GET",
				"header": [],
				"url": "localhost:3000/users/1"
			},
			"response": []
		},
		{
			"name": "remove user",
			"request": {
				"method": "DELETE",
				"header": [],
				"url": "localhost:3000/users/1"
			},
			"response": []
		},
		{
			"name": "update user by id",
			"request": {
				"method": "PUT",
				"header": [],
				"body": {
					"mode": "raw",
					"raw": "{\r\n    \"first_name\":\"riya\",\r\n    \"last_name\":\"pathan\",\r\n    \"about\":\"hello i am a developer\",\r\n    \"age\":25,\r\n    \"dob\":\"1999-02-02\"\r\n}",
					"options": {
						"raw": {
							"language": "json"
						}
					}
				},
				"url": "localhost:3000/users/7"
			},
			"response": []
		}
	]
}